DlRlcStats% start;end;CellId;IMSI;RNTI;LCID;nTxPDUs;TxBytes;nRxPDUs;RxBytes;delay;stdDev;min;max;PduSize;stdDev;min;max
0;0.25;1;1;1;0;1;12;1;12;0.000635713;0;0.000635713;0.000635713;12;0;12;12
0;0.25;1;1;1;1;3;37;1;2;0;0;0;0;2;0;2;2
0;0.25;1;1;1;3;21;22176;21;22176;0.000635713;0;0.000635713;0.000635713;1056;0;1056;1056
0.25;0.5;1;1;1;3;25;26400;25;26400;0.000635713;0;0.000635713;0.000635713;1056;0;1056;1056
0.5;0.75;1;1;1;3;25;26400;25;26400;0.000635713;0;0.000635713;0.000635713;1056;0;1056;1056
0.75;1;1;1;1;3;25;26400;25;26400;0.000635713;0;0.000635713;0.000635713;1056;0;1056;1056
1;1.25;1;1;1;3;25;26400;25;26400;0.000635713;0;0.000635713;0.000635713;1056;0;1056;1056
1.25;1.5;1;1;1;3;25;26400;25;26400;0.000635713;0;0.000635713;0.000635713;1056;0;1056;1056
1.5;1.75;1;1;1;3;25;26400;25;26400;0.000635713;0;0.000635713;0.000635713;1056;0;1056;1056
1.75;2;1;1;1;3;25;26400;25;26400;0.000635713;0;0.000635713;0.000635713;1056;0;1056;1056
2;2.25;1;1;1;3;25;26400;25;26400;0.000635713;0;0.000635713;0.000635713;1056;0;1056;1056
2.25;2.5;1;1;1;3;25;26400;25;26400;0.000635713;0;0.000635713;0.000635713;1056;0;1056;1056
2.5;2.75;1;1;1;3;25;26400;25;26400;0.000635713;0;0.000635713;0.000635713;1056;0;1056;1056
2.75;3;1;1;1;3;25;26400;25;26400;0.000635713;0;0.000635713;0.000635713;1056;0;1056;1056
3;3.25;1;1;1;3;25;26400;25;26400;0.000635713;0;0.000635713;0.000635713;1056;0;1056;1056
3.25;3.5;1;1;1;3;25;26400;25;26400;0.000635713;0;0.000635713;0.000635713;1056;0;1056;1056
3.5;3.75;1;1;1;3;25;26400;25;26400;0.000635713;0;0.000635713;0.000635713;1056;0;1056;1056
3.75;4;1;1;1;3;25;26400;25;26400;0.000635713;0;0.000635713;0.000635713;1056;0;1056;1056
4;4.25;1;1;1;3;25;26400;25;26400;0.000635713;0;0.000635713;0.000635713;1056;0;1056;1056
4.25;4.5;1;1;1;3;25;26400;25;26400;0.000635713;0;0.000635713;0.000635713;1056;0;1056;1056
4.5;4.75;1;1;1;3;25;26400;25;26400;0.000635713;0;0.000635713;0.000635713;1056;0;1056;1056
4.75;5;1;1;1;3;25;26400;25;26400;0.000635713;0;0.000635713;0.000635713;1056;0;1056;1056
5;5.25;1;1;1;3;25;26400;25;26400;0.000635713;0;0.000635713;0.000635713;1056;0;1056;1056
5.25;5.5;1;1;1;3;25;26400;25;26400;0.000635713;0;0.000635713;0.000635713;1056;0;1056;1056
5.5;5.75;1;1;1;3;25;26400;25;26400;0.000635713;0;0.000635713;0.000635713;1056;0;1056;1056
5.75;6;1;1;1;3;25;26400;25;26400;0.000635713;0;0.000635713;0.000635713;1056;0;1056;1056
6;6.25;1;1;1;3;25;26400;25;26400;0.000635713;0;0.000635713;0.000635713;1056;0;1056;1056
6.25;6.5;1;1;1;3;25;26400;25;26400;0.000635713;0;0.000635713;0.000635713;1056;0;1056;1056
6.5;6.75;1;1;1;3;25;26400;25;26400;0.000635713;0;0.000635713;0.000635713;1056;0;1056;1056
6.75;7;1;1;1;3;25;26400;25;26400;0.000635713;0;0.000635713;0.000635713;1056;0;1056;1056
7;7.25;1;1;1;3;25;26400;25;26400;0.000635713;0;0.000635713;0.000635713;1056;0;1056;1056
7.25;7.5;1;1;1;3;25;26400;25;26400;0.000635713;0;0.000635713;0.000635713;1056;0;1056;1056
7.5;7.75;1;1;1;3;25;26400;25;26400;0.000635713;0;0.000635713;0.000635713;1056;0;1056;1056
7.75;8;1;1;1;3;25;26400;25;26400;0.000635713;0;0.000635713;0.000635713;1056;0;1056;1056
8;8.25;1;1;1;3;25;26400;25;26400;0.000635713;0;0.000635713;0.000635713;1056;0;1056;1056
8.25;8.5;1;1;1;3;25;26400;25;26400;0.000635713;0;0.000635713;0.000635713;1056;0;1056;1056
8.5;8.75;1;1;1;3;25;26400;25;26400;0.000635713;0;0.000635713;0.000635713;1056;0;1056;1056
8.75;9;1;1;1;3;25;26400;25;26400;0.000635713;0;0.000635713;0.000635713;1056;0;1056;1056
9;9.25;1;1;1;3;25;26400;25;26400;0.000635713;0;0.000635713;0.000635713;1056;0;1056;1056
9.25;9.5;1;1;1;3;25;26400;25;26400;0.000635713;0;0.000635713;0.000635713;1056;0;1056;1056
9.5;9.75;1;1;1;3;25;26400;25;26400;0.000635713;0;0.000635713;0.000635713;1056;0;1056;1056
9.75;10;1;1;1;3;25;26400;25;26400;0.000635713;0;0.000635713;0.000635713;1056;0;1056;1056
10;10.25;1;1;1;3;25;26400;25;26400;0.000635713;0;0.000635713;0.000635713;1056;0;1056;1056
10.25;10.5;1;1;1;3;25;26400;25;26400;0.000635713;0;0.000635713;0.000635713;1056;0;1056;1056
10.5;10.75;1;1;1;3;25;26400;25;26400;0.000635713;0;0.000635713;0.000635713;1056;0;1056;1056
10.75;11;1;1;1;3;25;26400;25;26400;0.000635713;0;0.000635713;0.000635713;1056;0;1056;1056
11;11.25;1;1;1;3;25;26400;25;26400;0.000635713;0;0.000635713;0.000635713;1056;0;1056;1056
11.25;11.5;1;1;1;3;25;26400;25;26400;0.000635713;0;0.000635713;0.000635713;1056;0;1056;1056
11.5;11.75;1;1;1;3;25;26400;25;26400;0.000635713;0;0.000635713;0.000635713;1056;0;1056;1056
11.75;12;1;1;1;3;25;26400;25;26400;0.000635713;0;0.000635713;0.000635713;1056;0;1056;1056
12;12.25;1;1;1;3;25;26400;25;26400;0.000635713;0;0.000635713;0.000635713;1056;0;1056;1056
12.25;12.5;1;1;1;3;25;26400;25;26400;0.000635713;0;0.000635713;0.000635713;1056;0;1056;1056
12.5;12.75;1;1;1;3;25;26400;25;26400;0.000635713;0;0.000635713;0.000635713;1056;0;1056;1056
12.75;13;1;1;1;3;25;26400;25;26400;0.000635713;0;0.000635713;0.000635713;1056;0;1056;1056
13;13.25;1;1;1;3;25;26400;25;26400;0.000635713;0;0.000635713;0.000635713;1056;0;1056;1056
13.25;13.5;1;1;1;3;25;26400;25;26400;0.000635713;0;0.000635713;0.000635713;1056;0;1056;1056
13.5;13.75;1;1;1;3;25;26400;25;26400;0.000635713;0;0.000635713;0.000635713;1056;0;1056;1056
13.75;14;1;1;1;3;25;26400;25;26400;0.000635713;0;0.000635713;0.000635713;1056;0;1056;1056
14;14.25;1;1;1;3;25;26400;25;26400;0.000635713;0;0.000635713;0.000635713;1056;0;1056;1056
14.25;14.5;1;1;1;3;25;26400;25;26400;0.000635713;0;0.000635713;0.000635713;1056;0;1056;1056
14.5;14.75;1;1;1;3;25;26400;25;26400;0.000635713;0;0.000635713;0.000635713;1056;0;1056;1056
14.75;15;1;1;1;3;25;26400;25;26400;0.000635713;0;0.000635713;0.000635713;1056;0;1056;1056
15;15.25;1;1;1;3;25;26400;25;26400;0.000635713;0;0.000635713;0.000635713;1056;0;1056;1056
15.25;15.5;1;1;1;3;25;26400;25;26400;0.000635713;0;0.000635713;0.000635713;1056;0;1056;1056
15.5;15.75;1;1;1;3;25;26400;25;26400;0.000635713;0;0.000635713;0.000635713;1056;0;1056;1056
15.75;16;1;1;1;3;25;26400;25;26400;0.000635713;0;0.000635713;0.000635713;1056;0;1056;1056
16;16.25;1;1;1;3;25;26400;25;26400;0.000635713;0;0.000635713;0.000635713;1056;0;1056;1056
16.25;16.5;1;1;1;3;25;26400;25;26400;0.000635713;0;0.000635713;0.000635713;1056;0;1056;1056
16.5;16.75;1;1;1;3;25;26400;25;26400;0.000635713;0;0.000635713;0.000635713;1056;0;1056;1056
16.75;17;1;1;1;3;25;26400;25;26400;0.000635713;0;0.000635713;0.000635713;1056;0;1056;1056
17;17.25;1;1;1;3;25;26400;25;26400;0.000635713;0;0.000635713;0.000635713;1056;0;1056;1056
17.25;17.5;1;1;1;3;25;26400;25;26400;0.000635713;0;0.000635713;0.000635713;1056;0;1056;1056
17.5;17.75;1;1;1;3;25;26400;25;26400;0.000635713;0;0.000635713;0.000635713;1056;0;1056;1056
17.75;18;1;1;1;3;25;26400;25;26400;0.000635713;0;0.000635713;0.000635713;1056;0;1056;1056
18;18.25;1;1;1;3;25;26400;25;26400;0.000635713;0;0.000635713;0.000635713;1056;0;1056;1056
18.25;18.5;1;1;1;3;25;26400;25;26400;0.000635713;0;0.000635713;0.000635713;1056;0;1056;1056
18.5;18.75;1;1;1;3;25;26400;25;26400;0.000635713;0;0.000635713;0.000635713;1056;0;1056;1056
18.75;19;1;1;1;3;25;26400;25;26400;0.000635713;0;0.000635713;0.000635713;1056;0;1056;1056
19;19.25;1;1;1;3;25;26400;25;26400;0.000635713;0;0.000635713;0.000635713;1056;0;1056;1056
19.25;19.5;1;1;1;3;25;26400;25;26400;0.000635713;0;0.000635713;0.000635713;1056;0;1056;1056
19.5;19.75;1;1;1;3;25;26400;25;26400;0.000635713;0;0.000635713;0.000635713;1056;0;1056;1056
19.75;20;1;1;1;3;25;26400;25;26400;0.000635713;0;0.000635713;0.000635713;1056;0;1056;1056
20;20.25;1;1;1;3;25;26400;25;26400;0.000635713;0;0.000635713;0.000635713;1056;0;1056;1056
20.25;20.5;1;1;1;3;25;26400;25;26400;0.000635713;0;0.000635713;0.000635713;1056;0;1056;1056
20.5;20.75;1;1;1;3;25;26400;25;26400;0.000635713;0;0.000635713;0.000635713;1056;0;1056;1056
20.75;21;1;1;1;3;25;26400;25;26400;0.000635713;0;0.000635713;0.000635713;1056;0;1056;1056
21;21.25;1;1;1;3;25;26400;25;26400;0.000635713;0;0.000635713;0.000635713;1056;0;1056;1056
21.25;21.5;1;1;1;3;25;26400;25;26400;0.000635713;0;0.000635713;0.000635713;1056;0;1056;1056
21.5;21.75;1;1;1;3;25;26400;25;26400;0.000635713;0;0.000635713;0.000635713;1056;0;1056;1056
21.75;22;1;1;1;3;25;26400;25;26400;0.000635713;0;0.000635713;0.000635713;1056;0;1056;1056
22;22.25;1;1;1;3;25;26400;25;26400;0.000635713;0;0.000635713;0.000635713;1056;0;1056;1056
22.25;22.5;1;1;1;3;25;26400;25;26400;0.000635713;0;0.000635713;0.000635713;1056;0;1056;1056
22.5;22.75;1;1;1;3;25;26400;25;26400;0.000635713;0;0.000635713;0.000635713;1056;0;1056;1056
22.75;23;1;1;1;3;25;26400;25;26400;0.000635713;0;0.000635713;0.000635713;1056;0;1056;1056
23;23.25;1;1;1;3;25;26400;25;26400;0.000635713;0;0.000635713;0.000635713;1056;0;1056;1056
23.25;23.5;1;1;1;3;25;26400;25;26400;0.000635713;0;0.000635713;0.000635713;1056;0;1056;1056
23.5;23.75;1;1;1;3;25;26400;25;26400;0.000635713;0;0.000635713;0.000635713;1056;0;1056;1056
23.75;24;1;1;1;3;25;26400;25;26400;0.000635713;0;0.000635713;0.000635713;1056;0;1056;1056
24;24.25;1;1;1;3;25;26400;25;26400;0.000635713;0;0.000635713;0.000635713;1056;0;1056;1056
24.25;24.5;1;1;1;3;25;26400;25;26400;0.000635713;0;0.000635713;0.000635713;1056;0;1056;1056
24.5;24.75;1;1;1;3;25;26400;25;26400;0.000635713;0;0.000635713;0.000635713;1056;0;1056;1056
24.75;25;1;1;1;3;25;26400;25;26400;0.000635713;0;0.000635713;0.000635713;1056;0;1056;1056
25;25.25;1;1;1;3;25;26400;25;26400;0.000635713;0;0.000635713;0.000635713;1056;0;1056;1056
25.25;25.5;1;1;1;3;25;26400;25;26400;0.000635713;0;0.000635713;0.000635713;1056;0;1056;1056
25.5;25.75;1;1;1;3;25;26400;25;26400;0.000635713;0;0.000635713;0.000635713;1056;0;1056;1056
25.75;26;1;1;1;3;25;26400;25;26400;0.000635713;0;0.000635713;0.000635713;1056;0;1056;1056
26;26.25;1;1;1;3;25;26400;25;26400;0.000635713;0;0.000635713;0.000635713;1056;0;1056;1056
26.25;26.5;1;1;1;3;25;26400;25;26400;0.000635713;0;0.000635713;0.000635713;1056;0;1056;1056
26.5;26.75;1;1;1;3;25;26400;25;26400;0.000635713;0;0.000635713;0.000635713;1056;0;1056;1056
26.75;27;1;1;1;3;25;26400;25;26400;0.000635713;0;0.000635713;0.000635713;1056;0;1056;1056
27;27.25;1;1;1;3;25;26400;25;26400;0.000635713;0;0.000635713;0.000635713;1056;0;1056;1056
27.25;27.5;1;1;1;3;25;26400;25;26400;0.000635713;0;0.000635713;0.000635713;1056;0;1056;1056
27.5;27.75;1;1;1;3;25;26400;25;26400;0.000635713;0;0.000635713;0.000635713;1056;0;1056;1056
27.75;28;1;1;1;3;25;26400;25;26400;0.000635713;0;0.000635713;0.000635713;1056;0;1056;1056
28;28.25;1;1;1;3;25;26400;25;26400;0.000635713;0;0.000635713;0.000635713;1056;0;1056;1056
28.25;28.5;1;1;1;3;25;26400;25;26400;0.000635713;0;0.000635713;0.000635713;1056;0;1056;1056
28.5;28.75;1;1;1;3;25;26400;25;26400;0.000635713;0;0.000635713;0.000635713;1056;0;1056;1056
28.75;29;1;1;1;3;25;26400;25;26400;0.000635713;0;0.000635713;0.000635713;1056;0;1056;1056
29;29.25;1;1;1;3;25;26400;25;26400;0.000635713;0;0.000635713;0.000635713;1056;0;1056;1056
29.25;29.5;1;1;1;3;25;26400;25;26400;0.000635713;0;0.000635713;0.000635713;1056;0;1056;1056
29.5;29.75;1;1;1;3;25;26400;25;26400;0.000635713;0;0.000635713;0.000635713;1056;0;1056;1056
29.75;30;1;1;1;3;25;26400;25;26400;0.000635713;0;0.000635713;0.000635713;1056;0;1056;1056
30;30.25;1;1;1;3;25;26400;25;26400;0.000635713;0;0.000635713;0.000635713;1056;0;1056;1056
30.25;30.5;1;1;1;3;25;26400;25;26400;0.000635713;0;0.000635713;0.000635713;1056;0;1056;1056
30.5;30.75;1;1;1;3;25;26400;25;26400;0.000635713;0;0.000635713;0.000635713;1056;0;1056;1056
30.75;31;1;1;1;3;25;26400;25;26400;0.000635713;0;0.000635713;0.000635713;1056;0;1056;1056
31;31.25;1;1;1;3;25;26400;25;26400;0.000635713;0;0.000635713;0.000635713;1056;0;1056;1056
31.25;31.5;1;1;1;3;25;26400;25;26400;0.000635713;0;0.000635713;0.000635713;1056;0;1056;1056
31.5;31.75;1;1;1;3;25;26400;25;26400;0.000635713;0;0.000635713;0.000635713;1056;0;1056;1056
31.75;32;1;1;1;3;25;26400;25;26400;0.000635713;0;0.000635713;0.000635713;1056;0;1056;1056
32;32.25;1;1;1;3;25;26400;25;26400;0.000635713;0;0.000635713;0.000635713;1056;0;1056;1056
32.25;32.5;1;1;1;3;25;26400;25;26400;0.000635713;0;0.000635713;0.000635713;1056;0;1056;1056
32.5;32.75;1;1;1;3;25;26400;25;26400;0.000635713;0;0.000635713;0.000635713;1056;0;1056;1056
32.75;33;1;1;1;3;25;26400;25;26400;0.000635713;0;0.000635713;0.000635713;1056;0;1056;1056
33;33.25;1;1;1;3;25;26400;25;26400;0.000635713;0;0.000635713;0.000635713;1056;0;1056;1056
33.25;33.5;1;1;1;3;25;26400;25;26400;0.000635713;0;0.000635713;0.000635713;1056;0;1056;1056
33.5;33.75;1;1;1;3;25;26400;25;26400;0.000635713;0;0.000635713;0.000635713;1056;0;1056;1056
33.75;34;1;1;1;3;25;26400;25;26400;0.000635713;0;0.000635713;0.000635713;1056;0;1056;1056
34;34.25;1;1;1;3;25;26400;25;26400;0.000635713;0;0.000635713;0.000635713;1056;0;1056;1056
34.25;34.5;1;1;1;3;25;26400;25;26400;0.000635713;0;0.000635713;0.000635713;1056;0;1056;1056
34.5;34.75;1;1;1;3;25;26400;25;26400;0.000635713;0;0.000635713;0.000635713;1056;0;1056;1056
34.75;35;1;1;1;3;25;26400;25;26400;0.000635713;0;0.000635713;0.000635713;1056;0;1056;1056
35;35.25;1;1;1;3;25;26400;25;26400;0.000635713;0;0.000635713;0.000635713;1056;0;1056;1056
35.25;35.5;1;1;1;3;25;26400;25;26400;0.000635713;0;0.000635713;0.000635713;1056;0;1056;1056
35.5;35.75;1;1;1;3;25;26400;25;26400;0.000635713;0;0.000635713;0.000635713;1056;0;1056;1056
35.75;36;1;1;1;3;25;26400;25;26400;0.000635713;0;0.000635713;0.000635713;1056;0;1056;1056
36;36.25;1;1;1;3;25;26400;25;26400;0.000635713;0;0.000635713;0.000635713;1056;0;1056;1056
36.25;36.5;1;1;1;3;25;26400;25;26400;0.000635713;0;0.000635713;0.000635713;1056;0;1056;1056
36.5;36.75;1;1;1;3;25;26400;25;26400;0.000635713;0;0.000635713;0.000635713;1056;0;1056;1056
36.75;37;1;1;1;3;25;26400;25;26400;0.000635713;0;0.000635713;0.000635713;1056;0;1056;1056
37;37.25;1;1;1;3;25;26400;25;26400;0.000635713;0;0.000635713;0.000635713;1056;0;1056;1056
37.25;37.5;1;1;1;3;25;26400;25;26400;0.000635713;0;0.000635713;0.000635713;1056;0;1056;1056
37.5;37.75;1;1;1;3;25;26400;25;26400;0.000635713;0;0.000635713;0.000635713;1056;0;1056;1056
37.75;38;1;1;1;3;25;26400;25;26400;0.000635713;0;0.000635713;0.000635713;1056;0;1056;1056
38;38.25;1;1;1;3;25;26400;25;26400;0.000635713;0;0.000635713;0.000635713;1056;0;1056;1056
38.25;38.5;1;1;1;3;25;26400;25;26400;0.000635713;0;0.000635713;0.000635713;1056;0;1056;1056
38.5;38.75;1;1;1;3;25;26400;25;26400;0.000635713;0;0.000635713;0.000635713;1056;0;1056;1056
38.75;39;1;1;1;3;25;26400;25;26400;0.000635713;0;0.000635713;0.000635713;1056;0;1056;1056
39;39.25;1;1;1;3;25;26400;25;26400;0.000635713;0;0.000635713;0.000635713;1056;0;1056;1056
39.25;39.5;1;1;1;3;25;26400;25;26400;0.000635713;0;0.000635713;0.000635713;1056;0;1056;1056
39.5;39.75;1;1;1;3;25;26400;25;26400;0.000635713;0;0.000635713;0.000635713;1056;0;1056;1056
39.75;40;1;1;1;3;25;26400;25;26400;0.000635713;0;0.000635713;0.000635713;1056;0;1056;1056
40;40.25;1;1;1;3;25;26400;25;26400;0.000635713;0;0.000635713;0.000635713;1056;0;1056;1056
40.25;40.5;1;1;1;3;25;26400;25;26400;0.000635713;0;0.000635713;0.000635713;1056;0;1056;1056
40.5;40.75;1;1;1;3;25;26400;25;26400;0.000635713;0;0.000635713;0.000635713;1056;0;1056;1056
40.75;41;1;1;1;3;25;26400;25;26400;0.000635713;0;0.000635713;0.000635713;1056;0;1056;1056
41;41.25;1;1;1;3;25;26400;25;26400;0.000635713;0;0.000635713;0.000635713;1056;0;1056;1056
41.25;41.5;1;1;1;3;25;26400;25;26400;0.000635713;0;0.000635713;0.000635713;1056;0;1056;1056
41.5;41.75;1;1;1;3;25;26400;25;26400;0.000635713;0;0.000635713;0.000635713;1056;0;1056;1056
41.75;42;1;1;1;3;25;26400;25;26400;0.000635713;0;0.000635713;0.000635713;1056;0;1056;1056
42;42.25;1;1;1;3;25;26400;25;26400;0.000635713;0;0.000635713;0.000635713;1056;0;1056;1056
42.25;42.5;1;1;1;3;25;26400;25;26400;0.000635713;0;0.000635713;0.000635713;1056;0;1056;1056
42.5;42.75;1;1;1;3;25;26400;25;26400;0.000635713;0;0.000635713;0.000635713;1056;0;1056;1056
42.75;43;1;1;1;3;25;26400;25;26400;0.000635713;0;0.000635713;0.000635713;1056;0;1056;1056
43;43.25;1;1;1;3;25;26400;25;26400;0.000635713;0;0.000635713;0.000635713;1056;0;1056;1056
43.25;43.5;1;1;1;3;25;26400;25;26400;0.000635713;0;0.000635713;0.000635713;1056;0;1056;1056
43.5;43.75;1;1;1;3;25;26400;25;26400;0.000635713;0;0.000635713;0.000635713;1056;0;1056;1056
43.75;44;1;1;1;3;25;26400;25;26400;0.000635713;0;0.000635713;0.000635713;1056;0;1056;1056
44;44.25;1;1;1;3;25;26400;25;26400;0.000635713;0;0.000635713;0.000635713;1056;0;1056;1056
44.25;44.5;1;1;1;3;25;26400;25;26400;0.000635713;0;0.000635713;0.000635713;1056;0;1056;1056
44.5;44.75;1;1;1;3;25;26400;25;26400;0.000635713;0;0.000635713;0.000635713;1056;0;1056;1056
44.75;45;1;1;1;3;25;26400;25;26400;0.000635713;0;0.000635713;0.000635713;1056;0;1056;1056
45;45.25;1;1;1;3;25;26400;25;26400;0.000635713;0;0.000635713;0.000635713;1056;0;1056;1056
45.25;45.5;1;1;1;3;25;26400;25;26400;0.000635713;0;0.000635713;0.000635713;1056;0;1056;1056
45.5;45.75;1;1;1;3;25;26400;25;26400;0.000635713;0;0.000635713;0.000635713;1056;0;1056;1056
45.75;46;1;1;1;3;25;26400;25;26400;0.000635713;0;0.000635713;0.000635713;1056;0;1056;1056
46;46.25;1;1;1;3;25;26400;25;26400;0.000635713;0;0.000635713;0.000635713;1056;0;1056;1056
46.25;46.5;1;1;1;3;25;26400;25;26400;0.000635713;0;0.000635713;0.000635713;1056;0;1056;1056
46.5;46.75;1;1;1;3;25;26400;25;26400;0.000635713;0;0.000635713;0.000635713;1056;0;1056;1056
46.75;47;1;1;1;3;25;26400;25;26400;0.000635713;0;0.000635713;0.000635713;1056;0;1056;1056
47;47.25;1;1;1;3;25;26400;25;26400;0.000635713;0;0.000635713;0.000635713;1056;0;1056;1056
47.25;47.5;1;1;1;3;25;26400;25;26400;0.000635713;0;0.000635713;0.000635713;1056;0;1056;1056
47.5;47.75;1;1;1;3;25;26400;25;26400;0.000635713;0;0.000635713;0.000635713;1056;0;1056;1056
47.75;48;1;1;1;3;25;26400;25;26400;0.000635713;0;0.000635713;0.000635713;1056;0;1056;1056
48;48.25;1;1;1;3;25;26400;25;26400;0.000635713;0;0.000635713;0.000635713;1056;0;1056;1056
48.25;48.5;1;1;1;3;25;26400;25;26400;0.000635713;0;0.000635713;0.000635713;1056;0;1056;1056
48.5;48.75;1;1;1;3;25;26400;25;26400;0.000635713;0;0.000635713;0.000635713;1056;0;1056;1056
48.75;49;1;1;1;3;25;26400;25;26400;0.000635713;0;0.000635713;0.000635713;1056;0;1056;1056
49;49.25;1;1;1;3;25;26400;25;26400;0.000635713;0;0.000635713;0.000635713;1056;0;1056;1056
49.25;49.5;1;1;1;3;25;26400;25;26400;0.000635713;0;0.000635713;0.000635713;1056;0;1056;1056
49.5;49.75;1;1;1;3;25;26400;25;26400;0.000635713;0;0.000635713;0.000635713;1056;0;1056;1056
49.75;50;1;1;1;3;25;26400;25;26400;0.000635713;0;0.000635713;0.000635713;1056;0;1056;1056
50;50.25;1;1;1;3;25;26400;25;26400;0.000635713;0;0.000635713;0.000635713;1056;0;1056;1056
50.25;50.5;1;1;1;3;25;26400;25;26400;0.000635713;0;0.000635713;0.000635713;1056;0;1056;1056
50.5;50.75;1;1;1;3;25;26400;25;26400;0.000635713;0;0.000635713;0.000635713;1056;0;1056;1056
50.75;51;1;1;1;3;25;26400;25;26400;0.000635713;0;0.000635713;0.000635713;1056;0;1056;1056
51;51.25;1;1;1;3;25;26400;25;26400;0.000635713;0;0.000635713;0.000635713;1056;0;1056;1056
51.25;51.5;1;1;1;3;25;26400;25;26400;0.000635713;0;0.000635713;0.000635713;1056;0;1056;1056
51.5;51.75;1;1;1;3;25;26400;25;26400;0.000635713;0;0.000635713;0.000635713;1056;0;1056;1056
51.75;52;1;1;1;3;25;26400;25;26400;0.000635713;0;0.000635713;0.000635713;1056;0;1056;1056
52;52.25;1;1;1;3;25;26400;25;26400;0.000635713;0;0.000635713;0.000635713;1056;0;1056;1056
52.25;52.5;1;1;1;3;25;26400;25;26400;0.000635713;0;0.000635713;0.000635713;1056;0;1056;1056
52.5;52.75;1;1;1;3;25;26400;25;26400;0.000635713;0;0.000635713;0.000635713;1056;0;1056;1056
52.75;53;1;1;1;3;25;26400;25;26400;0.000635713;0;0.000635713;0.000635713;1056;0;1056;1056
53;53.25;1;1;1;3;25;26400;25;26400;0.000635713;0;0.000635713;0.000635713;1056;0;1056;1056
53.25;53.5;1;1;1;3;25;26400;25;26400;0.000635713;0;0.000635713;0.000635713;1056;0;1056;1056
53.5;53.75;1;1;1;3;25;26400;25;26400;0.000635713;0;0.000635713;0.000635713;1056;0;1056;1056
53.75;54;1;1;1;3;25;26400;25;26400;0.000635713;0;0.000635713;0.000635713;1056;0;1056;1056
54;54.25;1;1;1;3;25;26400;25;26400;0.000635713;0;0.000635713;0.000635713;1056;0;1056;1056
54.25;54.5;1;1;1;3;25;26400;25;26400;0.000635713;0;0.000635713;0.000635713;1056;0;1056;1056
54.5;54.75;1;1;1;3;25;26400;25;26400;0.000635713;0;0.000635713;0.000635713;1056;0;1056;1056
54.75;55;1;1;1;3;25;26400;25;26400;0.000635713;0;0.000635713;0.000635713;1056;0;1056;1056
55;55.25;1;1;1;3;25;26400;25;26400;0.000635713;0;0.000635713;0.000635713;1056;0;1056;1056
55.25;55.5;1;1;1;3;25;26400;25;26400;0.000635713;0;0.000635713;0.000635713;1056;0;1056;1056
55.5;55.75;1;1;1;3;25;26400;25;26400;0.000635713;0;0.000635713;0.000635713;1056;0;1056;1056
55.75;56;1;1;1;3;25;26400;25;26400;0.000635713;0;0.000635713;0.000635713;1056;0;1056;1056
56;56.25;1;1;1;3;25;26400;25;26400;0.000635713;0;0.000635713;0.000635713;1056;0;1056;1056
56.25;56.5;1;1;1;3;25;26400;25;26400;0.000635713;0;0.000635713;0.000635713;1056;0;1056;1056
56.5;56.75;1;1;1;3;25;26400;25;26400;0.000635713;0;0.000635713;0.000635713;1056;0;1056;1056
56.75;57;1;1;1;3;25;26400;25;26400;0.000635713;0;0.000635713;0.000635713;1056;0;1056;1056
57;57.25;1;1;1;3;25;26400;25;26400;0.000635713;0;0.000635713;0.000635713;1056;0;1056;1056
57.25;57.5;1;1;1;3;25;26400;25;26400;0.000635713;0;0.000635713;0.000635713;1056;0;1056;1056
57.5;57.75;1;1;1;3;25;26400;25;26400;0.000635713;0;0.000635713;0.000635713;1056;0;1056;1056
57.75;58;1;1;1;3;25;26400;25;26400;0.000635713;0;0.000635713;0.000635713;1056;0;1056;1056
58;58.25;1;1;1;3;25;26400;25;26400;0.000635713;0;0.000635713;0.000635713;1056;0;1056;1056
58.25;58.5;1;1;1;3;25;26400;25;26400;0.000635713;0;0.000635713;0.000635713;1056;0;1056;1056
58.5;58.75;1;1;1;3;25;26400;25;26400;0.000635713;0;0.000635713;0.000635713;1056;0;1056;1056
58.75;59;1;1;1;3;25;26400;25;26400;0.000635713;0;0.000635713;0.000635713;1056;0;1056;1056
59;59.25;1;1;1;3;25;26400;25;26400;0.000635713;0;0.000635713;0.000635713;1056;0;1056;1056
59.25;59.5;1;1;1;3;25;26400;25;26400;0.000635713;0;0.000635713;0.000635713;1056;0;1056;1056
59.5;59.75;1;1;1;3;25;26400;25;26400;0.000635713;0;0.000635713;0.000635713;1056;0;1056;1056
59.75;60;1;1;1;3;25;26400;25;26400;0.000635713;0;0.000635713;0.000635713;1056;0;1056;1056
